J2XA,J2YA,J2ZA
0.524956576237801,0.5128833741932256,0.37254927583578346
0.40043080043265844,0.32010745630830484,0.709653201339044
0.40043080043265844,0.32010745630830484,0.709653201339044
