J2XA,J2YA,J2ZA
0.4953369969486005,0.7697857854709809,0.12199035737095193
0.38212491432035783,0.5780034800398036,0.39121247220204775
0.524956576237801,0.5128833741932256,0.37254927583578346
