J2XA,J2YA,J2ZA
0.4140569039064009,0.7014216631806776,0.3958962284198608
