J2XA,J2YA,J2ZA
0.41577017482951967,0.707662265846409,0.3959585149651833
