J2XA,J2YA,J2ZA
0.4952865595919202,0.769674229198915,0.12195038076861621
0.4621046537963847,0.6819934041067033,0.12577090431885457
0.4248330099435671,0.6023003105003326,0.21076279010046142
0.4248330099435671,0.6023003105003326,0.21076279010046142
0.4248330099435671,0.6023003105003326,0.21076279010046142
0.45339785142184874,0.6971216920642924,0.22655774967047163
0.48752833663541234,0.8052778114976359,0.2290740066991471
0.4621046537963847,0.6819934041067033,0.12577090431885457
