J2XA,J2YA,J2ZA
0.43417322555355675,0.6010999700595454,0.21332418402932696
