J2XA,J2YA,J2ZA
0.48759314580790175,0.8053377988375371,0.22906966655422842
0.524956576237801,0.5128833741932256,0.37254927583578346
0.38212491432035783,0.5780034800398036,0.39121247220204775
0.38212491432035783,0.5780034800398036,0.39121247220204775
0.38212491432035783,0.5780034800398036,0.39121247220204775
0.38212491432035783,0.5780034800398036,0.39121247220204775
