J2XA,J2YA,J2ZA
0.4269982324672725,0.60525660343393,0.2060359457571208
