J2XA,J2YA,J2ZA
0.4619353995714026,0.701160239430326,0.17500508674386783
