J2XA,J2YA,J2ZA
0.38212491432035783,0.5780034800398036,0.39121247220204775
0.4572359503506453,0.5210869373677577,0.5149496964657532
0.4269982324672725,0.60525660343393,0.2060359457571208
0.4531685392893348,0.6974492694444938,0.22700624927548452
0.4531685392893348,0.6974492694444938,0.22700624927548452
0.4531685392893348,0.6974492694444938,0.22700624927548452
0.4531685392893348,0.6974492694444938,0.22700624927548452
0.4531685392893348,0.6974492694444938,0.22700624927548452
0.46225859977978684,0.6822753755458288,0.1255864870471321
