J2XA,J2YA,J2ZA
0.39768633008233994,0.35814825973089404,0.5454180935912312
