J2XA,J2YA,J2ZA
0.3950892028780985,0.572020618480429,0.42124474739300144
