J2XA,J2YA,J2ZA
0.40043080043265844,0.32010745630830484,0.709653201339044
