J2XA,J2YA,J2ZA
0.38212491432035783,0.5780034800398036,0.39121247220204775
