J2XA,J2YA,J2ZA
0.4159262330111746,0.708179285172274,0.3971692329679836
