J2XA,J2YA,J2ZA
0.4516276601699094,0.3977077824683833,0.5679995694833686
0.5173779492564667,0.5035595488488706,0.4452964851071565
0.4516276601699094,0.3977077824683833,0.5679995694833686
