J2XA,J2YA,J2ZA
0.5134932207281695,0.3999337948351236,0.5924790040158501
0.4269982324672725,0.60525660343393,0.2060359457571208
0.4953369969486005,0.7697857854709809,0.12199035737095193
