J2XA,J2YA,J2ZA
0.49522365965282295,0.7696618396813234,0.12183522397215882
0.4875725947543031,0.8052704190156035,0.22899864909012246
0.42724546293821225,0.6007767631742089,0.2136088575052598
0.45370383838109596,0.6970084204953838,0.22669996735714626
0.42724546293821225,0.6007767631742089,0.2136088575052598
0.42724546293821225,0.6007767631742089,0.2136088575052598
0.42724546293821225,0.6007767631742089,0.2136088575052598
0.42724546293821225,0.6007767631742089,0.2136088575052598
0.42724546293821225,0.6007767631742089,0.2136088575052598
