J2XA,J2YA,J2ZA
0.45876017438738914,0.40634831315053577,0.563803072466278
0.45876017438738914,0.40634831315053577,0.563803072466278
0.45876017438738914,0.40634831315053577,0.563803072466278
0.45876017438738914,0.40634831315053577,0.563803072466278
0.45876017438738914,0.40634831315053577,0.563803072466278
