J2XA,J2YA,J2ZA
0.4193035704498167,0.6632620391529579,0.38002509661681844
0.4193035704498167,0.6632620391529579,0.38002509661681844
0.4193035704498167,0.6632620391529579,0.38002509661681844
0.4193035704498167,0.6632620391529579,0.38002509661681844
0.4193035704498167,0.6632620391529579,0.38002509661681844
0.4193035704498167,0.6632620391529579,0.38002509661681844
0.4193035704498167,0.6632620391529579,0.38002509661681844
0.4193035704498167,0.6632620391529579,0.38002509661681844
0.4193035704498167,0.6632620391529579,0.38002509661681844
