J2XA,J2YA,J2ZA
0.4650399147570989,0.6888706714693063,0.1233993468857736
