J2XA,J2YA,J2ZA
0.5210810948700288,0.5122068730149457,0.380794241484599
0.41577017482951967,0.707662265846409,0.3959585149651833
0.41577017482951967,0.707662265846409,0.3959585149651833
0.4008406828572282,0.320227634021906,0.7095413085863448
0.4008406828572282,0.320227634021906,0.7095413085863448
