J2XA,J2YA,J2ZA
0.48752833663541234,0.8052778114976359,0.2290740066991471
0.48752833663541234,0.8052778114976359,0.2290740066991471
