J2XA,J2YA,J2ZA,C2
0.3708031157668547,0.2958172812328013,0.6197321136883371,3
0.4206285253827558,0.333516785910842,0.697484482195361,3
0.3558957829707225,0.3252614199229499,0.6938908853315909,3
0.399811979586355,0.3227848101265823,0.7125122508983992,3
0.3992747784045125,0.3247110621904238,0.7128389415223783,3
0.4015578834273435,0.3247110621904238,0.7121855602744201,3
0.403303787268332,0.3236103467253715,0.7112054884024829,3
0.4034380875637926,0.3219592735277931,0.7105521071545247,3
0.40290088638195,0.3230599889928453,0.7102254165305456,3
0.4024979854955681,0.3236103467253715,0.7115321790264619,3
0.403303787268332,0.3238855255916346,0.7105521071545247,3
0.40290088638195,0.3225096312603192,0.7108787977785037,3
0.4031694869728713,0.3236103467253715,0.7131656321463574,3
0.4026322857910287,0.3227848101265823,0.711858869650441,3
0.4024979854955681,0.3230599889928453,0.7128389415223783,3
0.4020950846091861,0.3225096312603192,0.7115321790264619,3
0.4026322857910287,0.3233351678591084,0.7095720352825874,3
0.4027665860864894,0.3230599889928453,0.7102254165305456,3
0.4027665860864894,0.3233351678591084,0.7115321790264619,3
0.4026322857910287,0.3230599889928453,0.7105521071545247,3
0.4018264840182648,0.3227848101265823,0.7115321790264619,3
0.4023636852001074,0.3241607044578976,0.7128389415223783,3
0.4024979854955681,0.3219592735277931,0.7121855602744201,3
0.4026322857910287,0.3227848101265823,0.711858869650441,3
0.4026322857910287,0.3236103467253715,0.7115321790264619,3
0.4023636852001074,0.3233351678591084,0.7128389415223783,3
0.4031694869728713,0.3241607044578976,0.7105521071545247,3
0.40290088638195,0.3230599889928453,0.7131656321463574,3
0.4022293849046467,0.3233351678591084,0.7131656321463574,3
0.403303787268332,0.3238855255916346,0.7105521071545247,3
0.4024979854955681,0.3233351678591084,0.7121855602744201,3
0.4030351866774107,0.3230599889928453,0.7098987259065664,3
0.403303787268332,0.3233351678591084,0.7115321790264619,3
0.4030351866774107,0.3241607044578976,0.7125122508983992,3
0.4027665860864894,0.3225096312603192,0.7131656321463574,3
0.4027665860864894,0.3219592735277931,0.7125122508983992,3
0.3693258125167875,0.3123280132085855,0.7105521071545247,3
0.33883964544722,0.3225096312603192,0.6948709572035282,3
0.438221864088101,0.2809576224545955,0.6504410323423718,3
0.4924791834542036,0.3126031920748486,0.5635413263639333,0
