J2XA,J2YA,J2ZA
0.40146581319107527,0.3210370211202634,0.7059993437381812
