J2XA,J2YA,J2ZA
0.4008406828572282,0.320227634021906,0.7095413085863448
0.4008406828572282,0.320227634021906,0.7095413085863448
