J2XA,J2YA,J2ZA
0.4003551403660793,0.32008011362864763,0.7081446815607196
0.4003551403660793,0.32008011362864763,0.7081446815607196
0.4003551403660793,0.32008011362864763,0.7081446815607196
0.4003551403660793,0.32008011362864763,0.7081446815607196
0.4003551403660793,0.32008011362864763,0.7081446815607196
0.4003551403660793,0.32008011362864763,0.7081446815607196
0.4003551403660793,0.32008011362864763,0.7081446815607196
0.4003551403660793,0.32008011362864763,0.7081446815607196
