J2XA,J2YA,J2ZA
0.4620433062717424,0.6819757222718072,0.12579332580848568
0.4620433062717424,0.6819757222718072,0.12579332580848568
0.4620433062717424,0.6819757222718072,0.12579332580848568
0.4620433062717424,0.6819757222718072,0.12579332580848568
