J2XA,J2YA,J2ZA
0.49522365965282295,0.7696618396813234,0.12183522397215882
