J2XA,J2YA,J2ZA
0.48759314580790175,0.8053377988375371,0.22906966655422842
