J2XA,J2YA,J2ZA
0.4875725947543031,0.8052704190156035,0.22899864909012246
