J2XA,J2YA,J2ZA,C2
0.39564867042707497,0.562190423775454,0.4642273766742895,2
0.4633360193392425,0.5187121629058888,0.5426331264292714,0
0.44627988181573996,0.4221243808475509,0.619405423064358,0
0.46253021756647866,0.46560264171711613,0.5272786671022541,0
0.4392962664517862,0.4438635112823335,0.6961777196994446,3
0.4320440504969111,0.40258668134287284,0.5628879451159752,0
0.4460112812248187,0.39020363236103467,0.7131656321463574,3
0.42586623690572123,0.38717666483214086,0.7036916040509638,3
0.4038409884501746,0.34177215189873417,0.5772623325710552,3
0.38920225624496374,0.2817831590533847,0.6674289447892845,3
0.3827558420628525,0.28783709411117225,0.7164325383861483,3
0.40155788342734355,0.3258117776554761,0.718719372754002,3
0.406392694063927,0.3321408915795267,0.7079385821626919,3
0.40061778135911896,0.3211337369290039,0.7164325383861483,3
0.40370668815471394,0.3258117776554761,0.7112054884024829,3
0.4034380875637926,0.32333516785910843,0.7098987259065664,3
0.4026322857910287,0.3236103467253715,0.7121855602744201,3
0.4030351866774107,0.3236103467253715,0.7105521071545247,3
0.403303787268332,0.3236103467253715,0.7115321790264619,3
0.40236368520010746,0.3230599889928453,0.7102254165305456,3
0.4024979854955681,0.3230599889928453,0.7105521071545247,3
0.4027665860864894,0.3238855255916346,0.7131656321463574,3
0.40222938490464677,0.3222344523940561,0.7112054884024829,3
0.40222938490464677,0.3222344523940561,0.7112054884024829,3
0.40290088638195004,0.32333516785910843,0.7131656321463574,3
0.40209508460918614,0.3227848101265823,0.7131656321463574,3
0.403303787268332,0.32498624105668683,0.7105521071545247,3
0.4024979854955681,0.3227848101265823,0.7112054884024829,3
0.40290088638195004,0.3236103467253715,0.7098987259065664,3
0.4024979854955681,0.32333516785910843,0.7112054884024829,3
0.4018264840182648,0.3236103467253715,0.7108787977785037,3
0.40290088638195004,0.3236103467253715,0.7108787977785037,3
0.4026322857910287,0.3247110621904238,0.7095720352825874,3
0.40290088638195004,0.32333516785910843,0.7115321790264619,3
0.4027665860864894,0.32416070445789763,0.7105521071545247,3
0.4024979854955681,0.3236103467253715,0.7102254165305456,3
0.4035723878592533,0.3230599889928453,0.7115321790264619,3
0.40236368520010746,0.32333516785910843,0.7105521071545247,3
0.4030351866774107,0.3244358833241607,0.7112054884024829,3
0.40290088638195004,0.32416070445789763,0.7115321790264619,3
