J2XA,J2YA,J2ZA,C2
0.435132957292506,0.31535498073747936,0.6661221822933682,3
0.37322052108514636,0.31370390753990096,0.7183926821300228,3
0.3988718775181306,0.310126582278481,0.7131656321463574,3
0.39752887456352404,0.32883874518436984,0.7161058477621692,3
0.40424388933655653,0.3167308750687947,0.7085919634106501,3
0.40290088638195004,0.32801320858558064,0.711858869650441,3
0.40424388933655653,0.3227848101265823,0.7112054884024829,3
0.4018264840182648,0.3244358833241607,0.7105521071545247,3
0.4027665860864894,0.3236103467253715,0.7115321790264619,3
0.40290088638195004,0.32333516785910843,0.7112054884024829,3
0.40236368520010746,0.32250963126031923,0.7108787977785037,3
0.40316948697287136,0.3222344523940561,0.7112054884024829,3
0.4026322857910287,0.3230599889928453,0.7112054884024829,3
0.403303787268332,0.3238855255916346,0.7125122508983992,3
0.4030351866774107,0.3238855255916346,0.7131656321463574,3
0.403303787268332,0.3244358833241607,0.7121855602744201,3
0.4026322857910287,0.3227848101265823,0.7105521071545247,3
0.4026322857910287,0.32498624105668683,0.7105521071545247,3
0.40290088638195004,0.3222344523940561,0.7125122508983992,3
0.40222938490464677,0.3236103467253715,0.7115321790264619,3
0.4024979854955681,0.3227848101265823,0.7128389415223783,3
0.4027665860864894,0.3247110621904238,0.7121855602744201,3
0.40316948697287136,0.32333516785910843,0.7105521071545247,3
0.4018264840182648,0.3227848101265823,0.711858869650441,3
0.40290088638195004,0.3230599889928453,0.7121855602744201,3
0.4030351866774107,0.32250963126031923,0.7121855602744201,3
0.4027665860864894,0.3230599889928453,0.7128389415223783,3
0.4024979854955681,0.32333516785910843,0.7105521071545247,3
0.403303787268332,0.32498624105668683,0.7121855602744201,3
0.395245769540693,0.31370390753990096,0.7147990852662529,3
0.403303787268332,0.3238855255916346,0.7115321790264619,3
0.4035723878592533,0.3222344523940561,0.711858869650441,3
0.40316948697287136,0.32608695652173914,0.7098987259065664,3
0.4026322857910287,0.3227848101265823,0.7108787977785037,3
0.38020413644910017,0.2958172812328013,0.7141457040182947,3
