J2XA,J2YA,J2ZA,C2
0.432849852269675,0.44744083654375344,0.4939562234563868,0
0.4383561643835616,0.3764446890478811,0.5612544919960797,0
0.5350523771152297,0.38552559163456246,0.7304802352172493,3
0.41727101799623956,0.43753439735828287,0.5805292388108461,0
0.41055600322320707,0.30682443588332414,0.7265599477295002,3
0.3681171098576417,0.23692900385250412,0.6811499509964064,3
0.37818963201719047,0.30957622454595485,0.6997713165632147,3
0.39229116304055867,0.31177765547605946,0.7095720352825874,3
0.39927477840451253,0.32526141992294993,0.7121855602744201,3
0.40155788342734355,0.32416070445789763,0.711858869650441,3
0.405989793177545,0.3247110621904238,0.7089186540346292,3
0.4018264840182648,0.3258117776554761,0.7134923227703365,3
0.40424388933655653,0.3211337369290039,0.7108787977785037,3
0.40222938490464677,0.3244358833241607,0.7131656321463574,3
0.4027665860864894,0.32333516785910843,0.711858869650441,3
0.40316948697287136,0.32333516785910843,0.7125122508983992,3
0.4024979854955681,0.32416070445789763,0.711858869650441,3
0.4026322857910287,0.3238855255916346,0.7128389415223783,3
0.4030351866774107,0.325536598789213,0.7112054884024829,3
0.4026322857910287,0.3230599889928453,0.7121855602744201,3
0.40290088638195004,0.3230599889928453,0.7115321790264619,3
0.40316948697287136,0.3236103467253715,0.7108787977785037,3
0.4027665860864894,0.3238855255916346,0.7115321790264619,3
0.4026322857910287,0.32250963126031923,0.7115321790264619,3
0.4027665860864894,0.3214089157952669,0.7105521071545247,3
0.403303787268332,0.3236103467253715,0.7112054884024829,3
0.40236368520010746,0.3238855255916346,0.7115321790264619,3
0.40290088638195004,0.3236103467253715,0.7108787977785037,3
0.4024979854955681,0.3222344523940561,0.7098987259065664,3
0.40209508460918614,0.32250963126031923,0.7115321790264619,3
0.40236368520010746,0.3238855255916346,0.711858869650441,3
0.40236368520010746,0.3222344523940561,0.7121855602744201,3
0.403303787268332,0.32416070445789763,0.7125122508983992,3
0.4041095890410959,0.3266373142542653,0.7125122508983992,3
0.4030351866774107,0.3208585580627408,0.7128389415223783,3
0.40316948697287136,0.3247110621904238,0.7112054884024829,3
0.40236368520010746,0.32333516785910843,0.7112054884024829,3
0.38866505506312116,0.31618051733626856,0.7115321790264619,3
0.3571044856298684,0.30214639515685193,0.7053250571708592,3
0.36663980660757456,0.3128783709411117,0.6853969291081345,3
