J2XA,J2YA,J2ZA,C2
0.3708031157668547,0.2958172812328013,0.6197321136883371,3
0.42062852538275586,0.33351678591084205,0.697484482195361,3
0.35589578297072255,0.32526141992294993,0.6938908853315909,3
0.39981197958635506,0.3227848101265823,0.7125122508983992,3
0.39927477840451253,0.3247110621904238,0.7128389415223783,3
0.40155788342734355,0.3247110621904238,0.7121855602744201,3
0.403303787268332,0.3236103467253715,0.7112054884024829,3
0.4034380875637926,0.3219592735277931,0.7105521071545247,3
0.40290088638195004,0.3230599889928453,0.7102254165305456,3
0.4024979854955681,0.3236103467253715,0.7115321790264619,3
0.403303787268332,0.3238855255916346,0.7105521071545247,3
0.40290088638195004,0.32250963126031923,0.7108787977785037,3
0.40316948697287136,0.3236103467253715,0.7131656321463574,3
0.4026322857910287,0.3227848101265823,0.711858869650441,3
0.4024979854955681,0.3230599889928453,0.7128389415223783,3
0.40209508460918614,0.32250963126031923,0.7115321790264619,3
0.4026322857910287,0.32333516785910843,0.7095720352825874,3
0.4027665860864894,0.3230599889928453,0.7102254165305456,3
0.4027665860864894,0.32333516785910843,0.7115321790264619,3
0.4026322857910287,0.3230599889928453,0.7105521071545247,3
0.4018264840182648,0.3227848101265823,0.7115321790264619,3
0.40236368520010746,0.32416070445789763,0.7128389415223783,3
0.4024979854955681,0.3219592735277931,0.7121855602744201,3
0.4026322857910287,0.3227848101265823,0.711858869650441,3
0.4026322857910287,0.3236103467253715,0.7115321790264619,3
0.40236368520010746,0.32333516785910843,0.7128389415223783,3
0.40316948697287136,0.32416070445789763,0.7105521071545247,3
0.40290088638195004,0.3230599889928453,0.7131656321463574,3
0.40222938490464677,0.32333516785910843,0.7131656321463574,3
0.403303787268332,0.3238855255916346,0.7105521071545247,3
0.4024979854955681,0.32333516785910843,0.7121855602744201,3
0.4030351866774107,0.3230599889928453,0.7098987259065664,3
0.403303787268332,0.32333516785910843,0.7115321790264619,3
0.4030351866774107,0.32416070445789763,0.7125122508983992,3
0.4027665860864894,0.32250963126031923,0.7131656321463574,3
0.4027665860864894,0.3219592735277931,0.7125122508983992,3
0.36932581251678753,0.31232801320858555,0.7105521071545247,3
0.33883964544722,0.32250963126031923,0.6948709572035282,3
0.438221864088101,0.2809576224545955,0.6504410323423718,3
0.4924791834542036,0.31260319207484866,0.5635413263639333,0
