J2XA,J2YA,J2ZA,C2
0.4680365296803653,0.56989543203082,0.4838288141130349,0
0.4505774912704808,0.5407264722069345,0.5527605357726233,0
0.4492344883158743,0.4361585030269675,0.5377327670695851,0
0.5174590384098845,0.3640616400660429,0.5697484482195361,0
0.44627988181573996,0.3976334617501376,0.562234563868017,0
0.4282836422240129,0.31700605393505776,0.6932375040836328,3
0.34273435401557883,0.28893780957622456,0.6569748448219536,3
0.3799355358581789,0.30489818381948264,0.7206795164978765,3
0.3995433789954338,0.3002201430930105,0.7082652727866711,3
0.4008863819500403,0.33048981838194824,0.7125122508983992,3
0.40424388933655653,0.32416070445789763,0.7102254165305456,3
0.4030351866774107,0.32333516785910843,0.7112054884024829,3
0.4016921837228042,0.3227848101265823,0.7131656321463574,3
0.4027665860864894,0.3238855255916346,0.7098987259065664,3
0.4027665860864894,0.3238855255916346,0.7112054884024829,3
0.4024979854955681,0.3227848101265823,0.7102254165305456,3
0.40236368520010746,0.3222344523940561,0.7112054884024829,3
0.40316948697287136,0.3236103467253715,0.7108787977785037,3
0.4027665860864894,0.3238855255916346,0.7115321790264619,3
0.40222938490464677,0.32333516785910843,0.7112054884024829,3
0.40236368520010746,0.3247110621904238,0.711858869650441,3
0.40209508460918614,0.32498624105668683,0.7115321790264619,3
0.40290088638195004,0.3236103467253715,0.7128389415223783,3
0.40290088638195004,0.3227848101265823,0.711858869650441,3
0.4027665860864894,0.32250963126031923,0.7112054884024829,3
0.40290088638195004,0.3230599889928453,0.7128389415223783,3
0.4027665860864894,0.3247110621904238,0.7125122508983992,3
0.4034380875637926,0.32333516785910843,0.711858869650441,3
0.4026322857910287,0.32526141992294993,0.7121855602744201,3
0.40290088638195004,0.3244358833241607,0.711858869650441,3
0.4027665860864894,0.3230599889928453,0.7128389415223783,3
0.4024979854955681,0.3227848101265823,0.7108787977785037,3
0.40316948697287136,0.32168409466153,0.7112054884024829,3
0.40236368520010746,0.3236103467253715,0.711858869650441,3
0.40451248992747785,0.3247110621904238,0.711858869650441,3
0.40370668815471394,0.3227848101265823,0.7121855602744201,3
0.403303787268332,0.32608695652173914,0.7108787977785037,3
0.40155788342734355,0.3236103467253715,0.7108787977785037,3
0.40222938490464677,0.3236103467253715,0.7092453446586083,3
0.3699973139940908,0.30214639515685193,0.7200261352499183,3
