J2XA,J2YA,J2ZA
0.4667762897785527,0.6953723669261641,0.1273907627963929
