J2XA,J2YA,J2ZA
0.4008406828572282,0.320227634021906,0.7095413085863448
0.5210810948700288,0.5122068730149457,0.380794241484599
0.4248330099435671,0.6023003105003326,0.21076279010046142
0.4248330099435671,0.6023003105003326,0.21076279010046142
