J2XA,J2YA,J2ZA
0.4952865595919202,0.769674229198915,0.12195038076861621
0.4621046537963847,0.6819934041067033,0.12577090431885457
0.4248330099435671,0.6023003105003326,0.21076279010046142
0.4248330099435671,0.6023003105003326,0.21076279010046142
0.4621046537963847,0.6819934041067033,0.12577090431885457
