J2XA,J2YA,J2ZA
0.38212491432035783,0.5780034800398036,0.39121247220204775
0.5134932207281695,0.3999337948351236,0.5924790040158501
0.38212491432035783,0.5780034800398036,0.39121247220204775
0.524956576237801,0.5128833741932256,0.37254927583578346
0.4953369969486005,0.7697857854709809,0.12199035737095193
0.4159262330111746,0.708179285172274,0.3971692329679836
0.4159262330111746,0.708179285172274,0.3971692329679836
