J2XA,J2YA,J2ZA
0.3922237756131544,0.3582080118861713,0.5412636424119079
0.38212491432035783,0.5780034800398036,0.39121247220204775
0.38212491432035783,0.5780034800398036,0.39121247220204775
0.38212491432035783,0.5780034800398036,0.39121247220204775
0.4572359503506453,0.5210869373677577,0.5149496964657532
0.4159262330111746,0.708179285172274,0.3971692329679836
0.46225859977978684,0.6822753755458288,0.1255864870471321
0.46225859977978684,0.6822753755458288,0.1255864870471321
