J2XA,J2YA,J2ZA
0.40030644560154266,0.31994791516524923,0.7085810345359842
