J2XA,J2YA,J2ZA
0.4013814726133763,0.32098176688126945,0.7061388570035863
0.4013814726133763,0.32098176688126945,0.7061388570035863
0.4013814726133763,0.32098176688126945,0.7061388570035863
0.4013814726133763,0.32098176688126945,0.7061388570035863
0.4013814726133763,0.32098176688126945,0.7061388570035863
0.4013814726133763,0.32098176688126945,0.7061388570035863
0.4013814726133763,0.32098176688126945,0.7061388570035863
0.4013814726133763,0.32098176688126945,0.7061388570035863
0.4013814726133763,0.32098176688126945,0.7061388570035863
