J2XA,J2YA,J2ZA
0.5173779492564667,0.5035595488488706,0.4452964851071565
0.5173779492564667,0.5035595488488706,0.4452964851071565
0.5173779492564667,0.5035595488488706,0.4452964851071565
