J2XA,J2YA,J2ZA
0.3922237756131544,0.3582080118861713,0.5412636424119079
0.3922237756131544,0.3582080118861713,0.5412636424119079
0.38212491432035783,0.5780034800398036,0.39121247220204775
0.4269982324672725,0.60525660343393,0.2060359457571208
0.4269982324672725,0.60525660343393,0.2060359457571208
0.48759314580790175,0.8053377988375371,0.22906966655422842
0.48759314580790175,0.8053377988375371,0.22906966655422842
0.48759314580790175,0.8053377988375371,0.22906966655422842
