J2XA,J2YA,J2ZA
0.4621046537963847,0.6819934041067033,0.12577090431885457
