J2XA,J2YA,J2ZA
0.4160038340003811,0.7072144663474607,0.3958187727292132
