J2XA,J2YA,J2ZA
0.48946049761438976,0.7950360672518885,0.1945013644721104
