J2XA,J2YA,J2ZA
0.45876017438738914,0.40634831315053577,0.563803072466278
0.45876017438738914,0.40634831315053577,0.563803072466278
0.42724546293821225,0.6007767631742089,0.2136088575052598
0.49522365965282295,0.7696618396813234,0.12183522397215882
0.4160038340003811,0.7072144663474607,0.3958187727292132
