J2XA,J2YA,J2ZA
0.46495331144057994,0.6892131690850694,0.12264439873657838
0.46495331144057994,0.6892131690850694,0.12264439873657838
0.46495331144057994,0.6892131690850694,0.12264439873657838
0.4450588732850438,0.5400661247046836,0.39875203858023717
0.4450588732850438,0.5400661247046836,0.39875203858023717
0.4450588732850438,0.5400661247046836,0.39875203858023717
0.4450588732850438,0.5400661247046836,0.39875203858023717
0.4450588732850438,0.5400661247046836,0.39875203858023717
0.4450588732850438,0.5400661247046836,0.39875203858023717
