J2XA,J2YA,J2ZA
0.5000004447029652,0.4422384069512733,0.5695872664216126
0.5000004447029652,0.4422384069512733,0.5695872664216126
0.5000004447029652,0.4422384069512733,0.5695872664216126
0.45339785142184874,0.6971216920642924,0.22655774967047163
0.48752833663541234,0.8052778114976359,0.2290740066991471
