J2XA,J2YA,J2ZA,C2
0.435132957292506,0.3153549807374793,0.6661221822933682,3
0.3732205210851463,0.3137039075399009,0.7183926821300228,3
0.3988718775181306,0.310126582278481,0.7131656321463574,3
0.397528874563524,0.3288387451843698,0.7161058477621692,3
0.4042438893365565,0.3167308750687947,0.7085919634106501,3
0.40290088638195,0.3280132085855806,0.711858869650441,3
0.4042438893365565,0.3227848101265823,0.7112054884024829,3
0.4018264840182648,0.3244358833241607,0.7105521071545247,3
0.4027665860864894,0.3236103467253715,0.7115321790264619,3
0.40290088638195,0.3233351678591084,0.7112054884024829,3
0.4023636852001074,0.3225096312603192,0.7108787977785037,3
0.4031694869728713,0.3222344523940561,0.7112054884024829,3
0.4026322857910287,0.3230599889928453,0.7112054884024829,3
0.403303787268332,0.3238855255916346,0.7125122508983992,3
0.4030351866774107,0.3238855255916346,0.7131656321463574,3
0.403303787268332,0.3244358833241607,0.7121855602744201,3
0.4026322857910287,0.3227848101265823,0.7105521071545247,3
0.4026322857910287,0.3249862410566868,0.7105521071545247,3
0.40290088638195,0.3222344523940561,0.7125122508983992,3
0.4022293849046467,0.3236103467253715,0.7115321790264619,3
0.4024979854955681,0.3227848101265823,0.7128389415223783,3
0.4027665860864894,0.3247110621904238,0.7121855602744201,3
0.4031694869728713,0.3233351678591084,0.7105521071545247,3
0.4018264840182648,0.3227848101265823,0.711858869650441,3
0.40290088638195,0.3230599889928453,0.7121855602744201,3
0.4030351866774107,0.3225096312603192,0.7121855602744201,3
0.4027665860864894,0.3230599889928453,0.7128389415223783,3
0.4024979854955681,0.3233351678591084,0.7105521071545247,3
0.403303787268332,0.3249862410566868,0.7121855602744201,3
0.395245769540693,0.3137039075399009,0.7147990852662529,3
0.403303787268332,0.3238855255916346,0.7115321790264619,3
0.4035723878592533,0.3222344523940561,0.711858869650441,3
0.4031694869728713,0.3260869565217391,0.7098987259065664,3
0.4026322857910287,0.3227848101265823,0.7108787977785037,3
0.3802041364491001,0.2958172812328013,0.7141457040182947,3
