J2XA,J2YA,J2ZA
0.40030198762821695,0.3199516245741514,0.7088821925401397
