J2XA,J2YA,J2ZA
0.5173779492564667,0.5035595488488706,0.4452964851071565
0.5173779492564667,0.5035595488488706,0.4452964851071565
0.5173779492564667,0.5035595488488706,0.4452964851071565
0.4650399147570989,0.6888706714693063,0.1233993468857736
0.4650399147570989,0.6888706714693063,0.1233993468857736
0.4650399147570989,0.6888706714693063,0.1233993468857736
0.4650399147570989,0.6888706714693063,0.1233993468857736
0.4650399147570989,0.6888706714693063,0.1233993468857736
0.4534954219203155,0.6985012999263821,0.22804348651241377
