J2XA,J2YA,J2ZA
0.4299453303457462,0.6019892084623708,0.21321311516394886
0.4675930280211706,0.41071501944192224,0.5571165825206431
