J2XA,J2YA,J2ZA
0.4675930280211706,0.41071501944192224,0.5571165825206431
0.4675930280211706,0.41071501944192224,0.5571165825206431
