J2XA,J2YA,J2ZA,C2
0.4680365296803653,0.56989543203082,0.4838288141130349,0
0.4505774912704808,0.5407264722069345,0.5527605357726233,0
0.4492344883158743,0.4361585030269675,0.5377327670695851,0
0.5174590384098845,0.3640616400660429,0.5697484482195361,0
0.4462798818157399,0.3976334617501376,0.562234563868017,0
0.4282836422240129,0.3170060539350577,0.6932375040836328,3
0.3427343540155788,0.2889378095762245,0.6569748448219536,3
0.3799355358581789,0.3048981838194826,0.7206795164978765,3
0.3995433789954338,0.3002201430930105,0.7082652727866711,3
0.4008863819500403,0.3304898183819482,0.7125122508983992,3
0.4042438893365565,0.3241607044578976,0.7102254165305456,3
0.4030351866774107,0.3233351678591084,0.7112054884024829,3
0.4016921837228042,0.3227848101265823,0.7131656321463574,3
0.4027665860864894,0.3238855255916346,0.7098987259065664,3
0.4027665860864894,0.3238855255916346,0.7112054884024829,3
0.4024979854955681,0.3227848101265823,0.7102254165305456,3
0.4023636852001074,0.3222344523940561,0.7112054884024829,3
0.4031694869728713,0.3236103467253715,0.7108787977785037,3
0.4027665860864894,0.3238855255916346,0.7115321790264619,3
0.4022293849046467,0.3233351678591084,0.7112054884024829,3
0.4023636852001074,0.3247110621904238,0.711858869650441,3
0.4020950846091861,0.3249862410566868,0.7115321790264619,3
0.40290088638195,0.3236103467253715,0.7128389415223783,3
0.40290088638195,0.3227848101265823,0.711858869650441,3
0.4027665860864894,0.3225096312603192,0.7112054884024829,3
0.40290088638195,0.3230599889928453,0.7128389415223783,3
0.4027665860864894,0.3247110621904238,0.7125122508983992,3
0.4034380875637926,0.3233351678591084,0.711858869650441,3
0.4026322857910287,0.3252614199229499,0.7121855602744201,3
0.40290088638195,0.3244358833241607,0.711858869650441,3
0.4027665860864894,0.3230599889928453,0.7128389415223783,3
0.4024979854955681,0.3227848101265823,0.7108787977785037,3
0.4031694869728713,0.32168409466153,0.7112054884024829,3
0.4023636852001074,0.3236103467253715,0.711858869650441,3
0.4045124899274778,0.3247110621904238,0.711858869650441,3
0.4037066881547139,0.3227848101265823,0.7121855602744201,3
0.403303787268332,0.3260869565217391,0.7108787977785037,3
0.4015578834273435,0.3236103467253715,0.7108787977785037,3
0.4022293849046467,0.3236103467253715,0.7092453446586083,3
0.3699973139940908,0.3021463951568519,0.7200261352499183,3
