J2XA,J2YA,J2ZA
0.4008406828572282,0.320227634021906,0.7095413085863448
0.39768633008233994,0.35814825973089404,0.5454180935912312
0.5210810948700288,0.5122068730149457,0.380794241484599
0.3950892028780985,0.572020618480429,0.42124474739300144
0.5210810948700288,0.5122068730149457,0.380794241484599
0.3950892028780985,0.572020618480429,0.42124474739300144
0.3950892028780985,0.572020618480429,0.42124474739300144
