J2XA,J2YA,J2ZA
0.4450588732850438,0.5400661247046836,0.39875203858023717
0.4140569039064009,0.7014216631806776,0.3958962284198608
0.4450588732850438,0.5400661247046836,0.39875203858023717
0.4140569039064009,0.7014216631806776,0.3958962284198608
0.4450588732850438,0.5400661247046836,0.39875203858023717
