J2XA,J2YA,J2ZA,C2
0.37818963201719047,0.3230599889928453,0.7105521071545247,3
0.40894439967767926,0.3200330214639516,0.7108787977785037,3
0.4010206822455009,0.3247110621904238,0.7108787977785037,3
0.403303787268332,0.3247110621904238,0.7112054884024829,3
0.4034380875637926,0.32416070445789763,0.7115321790264619,3
0.40290088638195004,0.32333516785910843,0.7125122508983992,3
0.4027665860864894,0.3238855255916346,0.7105521071545247,3
0.4030351866774107,0.3247110621904238,0.7121855602744201,3
0.4024979854955681,0.32333516785910843,0.711858869650441,3
0.40290088638195004,0.3236103467253715,0.7115321790264619,3
0.4024979854955681,0.3247110621904238,0.7105521071545247,3
0.40290088638195004,0.32498624105668683,0.7108787977785037,3
0.40316948697287136,0.3236103467253715,0.711858869650441,3
0.403303787268332,0.3230599889928453,0.7125122508983992,3
0.4027665860864894,0.3238855255916346,0.7112054884024829,3
0.40316948697287136,0.3230599889928453,0.711858869650441,3
0.4026322857910287,0.32608695652173914,0.7105521071545247,3
0.40316948697287136,0.32498624105668683,0.7105521071545247,3
0.4030351866774107,0.3238855255916346,0.7115321790264619,3
0.4027665860864894,0.3227848101265823,0.7102254165305456,3
0.4027665860864894,0.3238855255916346,0.7112054884024829,3
0.4030351866774107,0.32250963126031923,0.711858869650441,3
0.40222938490464677,0.32333516785910843,0.7108787977785037,3
0.4027665860864894,0.3244358833241607,0.7125122508983992,3
0.40209508460918614,0.3236103467253715,0.7098987259065664,3
0.40236368520010746,0.3236103467253715,0.7105521071545247,3
0.4027665860864894,0.32416070445789763,0.7125122508983992,3
0.4027665860864894,0.3244358833241607,0.7128389415223783,3
0.4035723878592533,0.3247110621904238,0.711858869650441,3
0.4027665860864894,0.3238855255916346,0.7131656321463574,3
0.40290088638195004,0.3247110621904238,0.7121855602744201,3
0.4035723878592533,0.32691249312052834,0.7112054884024829,3
0.40236368520010746,0.32250963126031923,0.7121855602744201,3
0.403303787268332,0.32498624105668683,0.7131656321463574,3
0.4019607843137255,0.3205833791964777,0.7125122508983992,3
