J2XA,J2YA,J2ZA,C2
0.44345957561106636,0.4950467804072647,0.6073178699771317,0
0.4661563255439162,0.4661529994496423,0.6295328324077099,0
0.47784045124899277,0.41029168959823886,0.6305129042796471,0
0.4445339779747516,0.3651623555310952,0.6703691604050964,3
0.40558689229116307,0.39543203082003303,0.6243057824240444,3
0.40585549288208433,0.3236103467253715,0.6804965697484482,3
0.387187751813054,0.2638965327462851,0.6906239790918001,3
0.3887993553585818,0.27875619152449094,0.7252531852335838,3
0.40746709642761214,0.3321408915795267,0.7112054884024829,3
0.4003491807681977,0.3227848101265823,0.7112054884024829,3
0.4027665860864894,0.3167308750687947,0.7131656321463574,3
0.4027665860864894,0.3214089157952669,0.7115321790264619,3
0.4027665860864894,0.3236103467253715,0.7125122508983992,3
0.40316948697287136,0.3236103467253715,0.7128389415223783,3
0.4026322857910287,0.3203082003302146,0.7125122508983992,3
0.40222938490464677,0.3238855255916346,0.7121855602744201,3
0.403303787268332,0.32416070445789763,0.7115321790264619,3
0.40209508460918614,0.32498624105668683,0.7072852009147338,3
0.4024979854955681,0.3230599889928453,0.7105521071545247,3
0.40222938490464677,0.3247110621904238,0.7125122508983992,3
0.40236368520010746,0.3238855255916346,0.711858869650441,3
0.4026322857910287,0.32250963126031923,0.7131656321463574,3
0.4024979854955681,0.3238855255916346,0.7105521071545247,3
0.40316948697287136,0.32416070445789763,0.7105521071545247,3
0.4026322857910287,0.3238855255916346,0.7125122508983992,3
0.40222938490464677,0.32498624105668683,0.7134923227703365,3
0.4024979854955681,0.3236103467253715,0.7125122508983992,3
0.4026322857910287,0.32416070445789763,0.7115321790264619,3
0.4019607843137255,0.32498624105668683,0.7112054884024829,3
0.4026322857910287,0.32333516785910843,0.7121855602744201,3
0.40316948697287136,0.3238855255916346,0.7125122508983992,3
0.4027665860864894,0.3227848101265823,0.7105521071545247,3
0.4027665860864894,0.3263621353880022,0.7112054884024829,3
0.40236368520010746,0.3219592735277931,0.7108787977785037,3
0.40222938490464677,0.3244358833241607,0.7115321790264619,3
