J2XA,J2YA,J2ZA,C2
0.6098576416868118,0.38084755090809025,0.5174779483828814,0
0.5343808756379265,0.41111722619702806,0.5916367200261352,0
0.5269943593875906,0.34975233902036323,0.5106174452793205,0
0.4574268063389739,0.3659878921298844,0.7422410976804966,3
0.36502820306204675,0.29334067143643366,0.7020581509310683,3
0.3569701853344077,0.31728123280132087,0.7076118915387128,3
0.4077356970185334,0.32608695652173914,0.7085919634106501,3
0.40142358313188287,0.32608695652173914,0.7134923227703365,3
0.403303787268332,0.32168409466153,0.711858869650441,3
0.4024979854955681,0.3230599889928453,0.7121855602744201,3
0.4030351866774107,0.3236103467253715,0.7115321790264619,3
0.4034380875637926,0.3227848101265823,0.7115321790264619,3
0.4026322857910287,0.3227848101265823,0.7105521071545247,3
0.4030351866774107,0.3219592735277931,0.7115321790264619,3
0.4024979854955681,0.3244358833241607,0.7108787977785037,3
0.4030351866774107,0.3236103467253715,0.7134923227703365,3
0.4027665860864894,0.32416070445789763,0.7115321790264619,3
0.40290088638195004,0.3230599889928453,0.7108787977785037,3
0.40290088638195004,0.3238855255916346,0.7128389415223783,3
0.4034380875637926,0.3247110621904238,0.7125122508983992,3
0.4027665860864894,0.3244358833241607,0.7115321790264619,3
0.40290088638195004,0.32333516785910843,0.7112054884024829,3
0.4030351866774107,0.32416070445789763,0.7128389415223783,3
0.40236368520010746,0.3238855255916346,0.7115321790264619,3
0.40316948697287136,0.3230599889928453,0.7128389415223783,3
0.40316948697287136,0.3236103467253715,0.7125122508983992,3
0.40222938490464677,0.3227848101265823,0.7125122508983992,3
0.40290088638195004,0.3214089157952669,0.7128389415223783,3
0.4027665860864894,0.32498624105668683,0.711858869650441,3
0.4034380875637926,0.32250963126031923,0.711858869650441,3
0.4030351866774107,0.3227848101265823,0.711858869650441,3
0.40236368520010746,0.3236103467253715,0.7121855602744201,3
0.4026322857910287,0.3227848101265823,0.7105521071545247,3
0.4024979854955681,0.3236103467253715,0.7108787977785037,3
0.4034380875637926,0.3244358833241607,0.7112054884024829,3
0.4024979854955681,0.3230599889928453,0.7115321790264619,3
0.4026322857910287,0.3244358833241607,0.7105521071545247,3
0.4026322857910287,0.3238855255916346,0.7102254165305456,3
0.4034380875637926,0.3236103467253715,0.7121855602744201,3
0.40290088638195004,0.32333516785910843,0.7112054884024829,3
