J2XA,J2YA,J2ZA,C2
0.47313994090787004,0.3858007705008255,0.704671675922901,3
0.31399409078699975,0.27242707760044027,0.5308722639660242,3
0.3243352135374698,0.3167308750687947,0.686703691604051,3
0.39900617781359116,0.3159053384700055,0.7063051290427965,3
0.4077356970185334,0.3329664281783159,0.7095720352825874,3
0.4035723878592533,0.3222344523940561,0.7102254165305456,3
0.40155788342734355,0.3238855255916346,0.7121855602744201,3
0.4030351866774107,0.3222344523940561,0.7108787977785037,3
0.40316948697287136,0.32526141992294993,0.7131656321463574,3
0.4026322857910287,0.32333516785910843,0.711858869650441,3
0.40236368520010746,0.3247110621904238,0.7108787977785037,3
0.40290088638195004,0.32526141992294993,0.7102254165305456,3
0.40316948697287136,0.3230599889928453,0.7115321790264619,3
0.40222938490464677,0.3247110621904238,0.7102254165305456,3
0.4027665860864894,0.3244358833241607,0.7112054884024829,3
0.4030351866774107,0.3230599889928453,0.7092453446586083,3
0.40316948697287136,0.3247110621904238,0.7121855602744201,3
0.40316948697287136,0.3236103467253715,0.7115321790264619,3
0.40316948697287136,0.325536598789213,0.7112054884024829,3
0.40290088638195004,0.3230599889928453,0.7131656321463574,3
0.40290088638195004,0.3230599889928453,0.7105521071545247,3
0.40236368520010746,0.3247110621904238,0.7112054884024829,3
0.403303787268332,0.32498624105668683,0.7121855602744201,3
0.4027665860864894,0.3238855255916346,0.7108787977785037,3
0.40236368520010746,0.3236103467253715,0.7121855602744201,3
0.40316948697287136,0.32416070445789763,0.7108787977785037,3
0.4026322857910287,0.3238855255916346,0.7121855602744201,3
0.4027665860864894,0.32416070445789763,0.7125122508983992,3
0.4034380875637926,0.3236103467253715,0.7112054884024829,3
0.4024979854955681,0.3238855255916346,0.7108787977785037,3
0.40236368520010746,0.3247110621904238,0.7125122508983992,3
0.403303787268332,0.3230599889928453,0.7098987259065664,3
0.40209508460918614,0.32608695652173914,0.7121855602744201,3
0.40316948697287136,0.32498624105668683,0.7105521071545247,3
0.3395111469245232,0.294716565767749,0.7281934008493957,3
