J2XA,J2YA,J2ZA,C2
0.43728176201987645,0.30132085855806273,0.5400196014374388,0
0.4255976363147999,0.32691249312052834,0.6082979418490689,3
0.38396454472199837,0.2991194276279582,0.7033649134269846,3
0.4129734085414988,0.31645569620253167,0.7095720352825874,3
0.40236368520010746,0.3258117776554761,0.7138190133943155,3
0.40222938490464677,0.32718767198679144,0.711858869650441,3
0.40209508460918614,0.32333516785910843,0.7112054884024829,3
0.4035723878592533,0.3244358833241607,0.7112054884024829,3
0.4026322857910287,0.3214089157952669,0.7125122508983992,3
0.40290088638195004,0.3244358833241607,0.7108787977785037,3
0.4024979854955681,0.3238855255916346,0.711858869650441,3
0.40222938490464677,0.32416070445789763,0.7115321790264619,3
0.40222938490464677,0.3244358833241607,0.711858869650441,3
0.40290088638195004,0.32416070445789763,0.7125122508983992,3
0.40222938490464677,0.32498624105668683,0.7105521071545247,3
0.40236368520010746,0.3230599889928453,0.7108787977785037,3
0.4026322857910287,0.3244358833241607,0.7121855602744201,3
0.4026322857910287,0.32333516785910843,0.7125122508983992,3
0.4027665860864894,0.32416070445789763,0.7115321790264619,3
0.40370668815471394,0.3230599889928453,0.7115321790264619,3
0.40316948697287136,0.32498624105668683,0.7108787977785037,3
0.4030351866774107,0.32250963126031923,0.711858869650441,3
0.40316948697287136,0.32333516785910843,0.7115321790264619,3
0.40290088638195004,0.32526141992294993,0.7108787977785037,3
0.40316948697287136,0.3227848101265823,0.711858869650441,3
0.40316948697287136,0.3227848101265823,0.711858869650441,3
0.40290088638195004,0.3236103467253715,0.711858869650441,3
0.40222938490464677,0.3238855255916346,0.7115321790264619,3
0.40316948697287136,0.3227848101265823,0.7131656321463574,3
0.4024979854955681,0.3222344523940561,0.7105521071545247,3
0.4030351866774107,0.3238855255916346,0.7098987259065664,3
0.4027665860864894,0.3238855255916346,0.7108787977785037,3
0.403303787268332,0.3238855255916346,0.7128389415223783,3
0.4026322857910287,0.3222344523940561,0.7138190133943155,3
0.40236368520010746,0.3227848101265823,0.7112054884024829,3
0.40236368520010746,0.3238855255916346,0.7115321790264619,3
0.39403706688154716,0.31232801320858555,0.7082652727866711,3
0.3090249798549557,0.31177765547605946,0.6164652074485462,3
0.34004834810636586,0.3522289488167309,0.6416203854949363,3
0.379129734085415,0.3112272977435333,0.5831427638026788,3
