J2XA,J2YA,J2ZA,C2
0.5627182379801235,0.2740781507980187,0.5739954263312642,0
0.3996776792908945,0.42377545404512934,0.35249918327344004,0
0.36986301369863017,0.22124380847550906,0.6700424697811173,3
0.32554391619661566,0.3131535498073748,0.6782097353805946,3
0.3973945742680634,0.3104017611447441,0.715452466514211,3
0.4034380875637926,0.3222344523940561,0.711858869650441,3
0.40316948697287136,0.3238855255916346,0.711858869650441,3
0.40209508460918614,0.32333516785910843,0.7138190133943155,3
0.40316948697287136,0.3238855255916346,0.7115321790264619,3
0.403303787268332,0.32498624105668683,0.7108787977785037,3
0.4035723878592533,0.3238855255916346,0.7128389415223783,3
0.4026322857910287,0.3227848101265823,0.7128389415223783,3
0.40316948697287136,0.3247110621904238,0.7098987259065664,3
0.4030351866774107,0.3247110621904238,0.7112054884024829,3
0.40236368520010746,0.32416070445789763,0.7125122508983992,3
0.40316948697287136,0.3244358833241607,0.711858869650441,3
0.4026322857910287,0.3238855255916346,0.7108787977785037,3
0.4027665860864894,0.3247110621904238,0.711858869650441,3
0.40236368520010746,0.3227848101265823,0.7134923227703365,3
0.403303787268332,0.32333516785910843,0.7108787977785037,3
0.4027665860864894,0.3236103467253715,0.7108787977785037,3
0.40290088638195004,0.3236103467253715,0.7125122508983992,3
0.4027665860864894,0.3244358833241607,0.7095720352825874,3
0.4026322857910287,0.3236103467253715,0.7108787977785037,3
0.4027665860864894,0.32416070445789763,0.7134923227703365,3
0.4035723878592533,0.32416070445789763,0.711858869650441,3
0.40316948697287136,0.32416070445789763,0.7112054884024829,3
0.4030351866774107,0.3236103467253715,0.7128389415223783,3
0.4016921837228042,0.3230599889928453,0.7098987259065664,3
0.4034380875637926,0.32416070445789763,0.7112054884024829,3
0.4030351866774107,0.3238855255916346,0.7112054884024829,3
0.40290088638195004,0.32416070445789763,0.7115321790264619,3
0.4030351866774107,0.3244358833241607,0.7105521071545247,3
0.4026322857910287,0.3227848101265823,0.711858869650441,3
0.4030351866774107,0.32416070445789763,0.7121855602744201,3
0.4027665860864894,0.3244358833241607,0.711858869650441,3
0.40290088638195004,0.3244358833241607,0.7121855602744201,3
0.4026322857910287,0.32416070445789763,0.7115321790264619,3
0.4026322857910287,0.3230599889928453,0.7134923227703365,3
0.4030351866774107,0.32608695652173914,0.7092453446586083,3
