J2XA,J2YA,J2ZA,C2
0.43137254901960786,0.2900385250412768,0.5318523358379614,0
0.34219715283373625,0.2969179966978536,0.7281934008493957,3
0.352269674993285,0.31810676940011007,0.7000980071871937,3
0.4035723878592533,0.3227848101265823,0.7167592290101275,3
0.403303787268332,0.32883874518436984,0.7147990852662529,3
0.40128928283642223,0.3227848101265823,0.7102254165305456,3
0.4035723878592533,0.3247110621904238,0.711858869650441,3
0.40209508460918614,0.3227848101265823,0.7105521071545247,3
0.40370668815471394,0.3236103467253715,0.7102254165305456,3
0.4030351866774107,0.3238855255916346,0.7115321790264619,3
0.4026322857910287,0.32416070445789763,0.7131656321463574,3
0.4026322857910287,0.3230599889928453,0.7125122508983992,3
0.4024979854955681,0.32526141992294993,0.7128389415223783,3
0.4027665860864894,0.3236103467253715,0.7102254165305456,3
0.4030351866774107,0.3236103467253715,0.7125122508983992,3
0.40290088638195004,0.3236103467253715,0.7112054884024829,3
0.4030351866774107,0.32333516785910843,0.711858869650441,3
0.40316948697287136,0.3236103467253715,0.7125122508983992,3
0.40290088638195004,0.3219592735277931,0.7112054884024829,3
0.4034380875637926,0.3230599889928453,0.7121855602744201,3
0.40290088638195004,0.32416070445789763,0.7112054884024829,3
0.403303787268332,0.3263621353880022,0.7105521071545247,3
0.4027665860864894,0.3236103467253715,0.7098987259065664,3
0.4027665860864894,0.3247110621904238,0.7121855602744201,3
0.4034380875637926,0.32333516785910843,0.7128389415223783,3
0.4030351866774107,0.32416070445789763,0.7115321790264619,3
0.4027665860864894,0.32416070445789763,0.711858869650441,3
0.4024979854955681,0.3247110621904238,0.7112054884024829,3
0.40236368520010746,0.3238855255916346,0.7115321790264619,3
0.4030351866774107,0.32333516785910843,0.7121855602744201,3
0.4026322857910287,0.3244358833241607,0.7115321790264619,3
0.4030351866774107,0.3219592735277931,0.7112054884024829,3
0.40290088638195004,0.3236103467253715,0.7115321790264619,3
0.4030351866774107,0.3227848101265823,0.7112054884024829,3
0.4024979854955681,0.32333516785910843,0.711858869650441,3
0.4030351866774107,0.3247110621904238,0.7108787977785037,3
0.40316948697287136,0.32416070445789763,0.7112054884024829,3
0.4018264840182648,0.3222344523940561,0.7125122508983992,3
0.4030351866774107,0.3247110621904238,0.7108787977785037,3
0.40222938490464677,0.3238855255916346,0.7125122508983992,3
