J2XA,J2YA,J2ZA,C2
0.40666129465484824,0.3775454045129334,0.6236524011760862,3
0.3951114692452323,0.26967528893780957,0.6037242731133616,3
0.36408810099382216,0.31067694001100715,0.7177393008820647,3
0.397931775449906,0.31260319207484866,0.7082652727866711,3
0.4034380875637926,0.3285635663181068,0.7125122508983992,3
0.40316948697287136,0.3214089157952669,0.7105521071545247,3
0.4024979854955681,0.3238855255916346,0.7131656321463574,3
0.4024979854955681,0.3230599889928453,0.7102254165305456,3
0.40316948697287136,0.3238855255916346,0.7115321790264619,3
0.4024979854955681,0.3238855255916346,0.7121855602744201,3
0.4027665860864894,0.3236103467253715,0.7131656321463574,3
0.4035723878592533,0.3238855255916346,0.711858869650441,3
0.4027665860864894,0.31700605393505776,0.7131656321463574,3
0.40222938490464677,0.3236103467253715,0.7128389415223783,3
0.40290088638195004,0.3227848101265823,0.7112054884024829,3
0.4030351866774107,0.3222344523940561,0.7112054884024829,3
0.403303787268332,0.32333516785910843,0.7115321790264619,3
0.403303787268332,0.32333516785910843,0.7115321790264619,3
0.40290088638195004,0.32498624105668683,0.7128389415223783,3
0.40290088638195004,0.3227848101265823,0.7125122508983992,3
0.4018264840182648,0.3238855255916346,0.7121855602744201,3
0.4024979854955681,0.32250963126031923,0.7121855602744201,3
0.4026322857910287,0.3238855255916346,0.7115321790264619,3
0.40316948697287136,0.3230599889928453,0.711858869650441,3
0.40290088638195004,0.3230599889928453,0.711858869650441,3
0.4026322857910287,0.3236103467253715,0.7105521071545247,3
0.40290088638195004,0.3244358833241607,0.7108787977785037,3
0.4027665860864894,0.32333516785910843,0.7108787977785037,3
0.40290088638195004,0.3244358833241607,0.7115321790264619,3
0.40290088638195004,0.3230599889928453,0.7115321790264619,3
