J2XA,J2YA,J2ZA,C2
0.44883158742949236,0.38827738029719316,0.5498203201568115,0
0.414047810905184,0.22647220693450743,0.7428944789284547,3
0.39148536126779476,0.3007705008255366,0.7112054884024829,3
0.40504969110932043,0.3203082003302146,0.7115321790264619,3
0.403303787268332,0.32416070445789763,0.7141457040182947,3
0.4024979854955681,0.32498624105668683,0.7092453446586083,3
0.40290088638195004,0.3244358833241607,0.711858869650441,3
0.4026322857910287,0.3227848101265823,0.7115321790264619,3
0.40236368520010746,0.3244358833241607,0.7112054884024829,3
0.4024979854955681,0.3244358833241607,0.7128389415223783,3
0.4019607843137255,0.3236103467253715,0.7125122508983992,3
0.4034380875637926,0.32333516785910843,0.7102254165305456,3
0.4026322857910287,0.32498624105668683,0.7121855602744201,3
0.4030351866774107,0.3219592735277931,0.7138190133943155,3
0.40290088638195004,0.32498624105668683,0.7102254165305456,3
0.4024979854955681,0.3227848101265823,0.711858869650441,3
0.4030351866774107,0.3236103467253715,0.7121855602744201,3
0.4030351866774107,0.3244358833241607,0.7108787977785037,3
0.4024979854955681,0.3238855255916346,0.7121855602744201,3
0.4027665860864894,0.32333516785910843,0.711858869650441,3
0.4030351866774107,0.3244358833241607,0.7108787977785037,3
0.4027665860864894,0.32416070445789763,0.7105521071545247,3
0.403303787268332,0.32250963126031923,0.7121855602744201,3
0.4030351866774107,0.3236103467253715,0.7115321790264619,3
0.4030351866774107,0.32250963126031923,0.711858869650441,3
0.4026322857910287,0.3238855255916346,0.711858869650441,3
0.4030351866774107,0.32416070445789763,0.7112054884024829,3
0.40290088638195004,0.32416070445789763,0.7131656321463574,3
0.4027665860864894,0.3238855255916346,0.7125122508983992,3
0.40316948697287136,0.3244358833241607,0.7128389415223783,3
0.40222938490464677,0.3236103467253715,0.711858869650441,3
0.40290088638195004,0.3258117776554761,0.7131656321463574,3
0.4027665860864894,0.3219592735277931,0.7121855602744201,3
0.4035723878592533,0.32526141992294993,0.7121855602744201,3
0.39699167338168145,0.3037974683544304,0.7138190133943155,3
