J2XA,J2YA,J2ZA,C2
0.5686274509803921,0.32250963126031923,0.5615811826200587,0
0.36583400483481066,0.26307099614749585,0.7396275726886639,3
0.3644910018802041,0.3247110621904238,0.7079385821626919,3
0.4094816008595219,0.31893230599889927,0.7053250571708592,3
0.3994090786999731,0.32526141992294993,0.7128389415223783,3
0.4038409884501746,0.3236103467253715,0.7102254165305456,3
0.403303787268332,0.32416070445789763,0.7121855602744201,3
0.4024979854955681,0.32333516785910843,0.711858869650441,3
0.4030351866774107,0.3227848101265823,0.7105521071545247,3
0.4034380875637926,0.3236103467253715,0.711858869650441,3
0.4027665860864894,0.32333516785910843,0.7125122508983992,3
0.4026322857910287,0.3238855255916346,0.7108787977785037,3
0.40290088638195004,0.3247110621904238,0.711858869650441,3
0.403303787268332,0.3236103467253715,0.7125122508983992,3
0.40370668815471394,0.32416070445789763,0.7125122508983992,3
0.40236368520010746,0.32526141992294993,0.711858869650441,3
0.4027665860864894,0.32416070445789763,0.7131656321463574,3
0.40236368520010746,0.3227848101265823,0.711858869650441,3
0.4026322857910287,0.3244358833241607,0.7115321790264619,3
0.40290088638195004,0.32416070445789763,0.7102254165305456,3
0.40316948697287136,0.3247110621904238,0.7115321790264619,3
0.40290088638195004,0.3247110621904238,0.711858869650441,3
0.4030351866774107,0.3238855255916346,0.7115321790264619,3
0.4027665860864894,0.3230599889928453,0.711858869650441,3
0.40236368520010746,0.32333516785910843,0.7105521071545247,3
0.4026322857910287,0.3238855255916346,0.7125122508983992,3
0.4027665860864894,0.3244358833241607,0.7108787977785037,3
0.4026322857910287,0.32333516785910843,0.7131656321463574,3
0.4034380875637926,0.32333516785910843,0.7121855602744201,3
0.403303787268332,0.3238855255916346,0.7121855602744201,3
0.4027665860864894,0.32250963126031923,0.7115321790264619,3
0.40316948697287136,0.32416070445789763,0.711858869650441,3
0.40316948697287136,0.325536598789213,0.7108787977785037,3
0.4027665860864894,0.3238855255916346,0.7125122508983992,3
0.4026322857910287,0.32250963126031923,0.7115321790264619,3
0.4027665860864894,0.3236103467253715,0.7112054884024829,3
0.4026322857910287,0.3238855255916346,0.7115321790264619,3
0.40236368520010746,0.3194826637314254,0.7128389415223783,3
0.40316948697287136,0.3214089157952669,0.7115321790264619,3
0.4026322857910287,0.32526141992294993,0.711858869650441,3
