J2XA,J2YA,J2ZA,C2
0.4529948965887725,0.8029719317556412,0.28062724599803984,1
0.33306473274241205,0.5404512933406714,0.24534465860829793,2
0.4943593875906527,0.5057787561915245,0.33224436458673634,2
0.504566210045662,0.523390203632361,0.45769356419470764,0
0.621273166800967,0.3214089157952669,0.6517477948382882,3
0.4419822723609992,0.2991194276279582,0.5083306109114668,0
0.34219715283373625,0.2570170610897083,0.6282260699117935,3
0.26215417673918884,0.2988442487616951,0.6840901666122182,3
0.26215417673918884,0.2988442487616951,0.6840901666122182,3
0.4018264840182648,0.3329664281783159,0.7138190133943155,3
0.4026322857910287,0.3200330214639516,0.7121855602744201,3
0.4030351866774107,0.32416070445789763,0.711858869650441,3
0.40316948697287136,0.3214089157952669,0.7105521071545247,3
0.4026322857910287,0.3236103467253715,0.711858869650441,3
0.40236368520010746,0.3244358833241607,0.7128389415223783,3
0.4027665860864894,0.3230599889928453,0.7115321790264619,3
0.403303787268332,0.3230599889928453,0.711858869650441,3
0.40316948697287136,0.32498624105668683,0.7108787977785037,3
0.4030351866774107,0.3236103467253715,0.7128389415223783,3
0.4030351866774107,0.32416070445789763,0.711858869650441,3
0.40316948697287136,0.3236103467253715,0.7131656321463574,3
0.40236368520010746,0.32416070445789763,0.7105521071545247,3
0.4035723878592533,0.3230599889928453,0.7115321790264619,3
0.40222938490464677,0.32416070445789763,0.7112054884024829,3
0.4027665860864894,0.3230599889928453,0.7112054884024829,3
0.4026322857910287,0.32416070445789763,0.7102254165305456,3
0.40290088638195004,0.3238855255916346,0.711858869650441,3
0.40222938490464677,0.32333516785910843,0.7112054884024829,3
0.40236368520010746,0.32333516785910843,0.7121855602744201,3
0.4030351866774107,0.325536598789213,0.7115321790264619,3
0.4024979854955681,0.3227848101265823,0.7121855602744201,3
0.4030351866774107,0.32333516785910843,0.7115321790264619,3
0.40290088638195004,0.3244358833241607,0.7115321790264619,3
0.4027665860864894,0.3238855255916346,0.7131656321463574,3
0.40316948697287136,0.3236103467253715,0.7141457040182947,3
0.40290088638195004,0.3247110621904238,0.7105521071545247,3
0.4024979854955681,0.32416070445789763,0.7108787977785037,3
0.417136717700779,0.3200330214639516,0.7242731133616466,3
0.4027665860864894,0.32168409466153,0.7105521071545247,3
0.40424388933655653,0.32773802971931754,0.7115321790264619,3
