J2XA,J2YA,J2ZA,C2
0.4034380875637926,0.33269124931205285,0.7131656321463574,3
0.40222938490464677,0.32526141992294993,0.7128389415223783,3
0.4016921837228042,0.325536598789213,0.7125122508983992,3
0.4027665860864894,0.3236103467253715,0.7105521071545247,3
0.4030351866774107,0.32416070445789763,0.7102254165305456,3
0.40236368520010746,0.3230599889928453,0.7112054884024829,3
0.40290088638195004,0.32333516785910843,0.7112054884024829,3
0.403303787268332,0.3236103467253715,0.7125122508983992,3
0.4026322857910287,0.3230599889928453,0.7128389415223783,3
0.4030351866774107,0.3236103467253715,0.711858869650441,3
0.40236368520010746,0.32333516785910843,0.7125122508983992,3
0.4027665860864894,0.32416070445789763,0.7125122508983992,3
0.40290088638195004,0.32250963126031923,0.7134923227703365,3
0.40222938490464677,0.3236103467253715,0.7115321790264619,3
0.40316948697287136,0.3227848101265823,0.711858869650441,3
0.4034380875637926,0.3238855255916346,0.7128389415223783,3
0.4034380875637926,0.32498624105668683,0.7115321790264619,3
0.4030351866774107,0.32333516785910843,0.7125122508983992,3
0.4024979854955681,0.32333516785910843,0.7112054884024829,3
0.4030351866774107,0.3247110621904238,0.711858869650441,3
0.4027665860864894,0.32416070445789763,0.7128389415223783,3
0.40370668815471394,0.32333516785910843,0.7098987259065664,3
0.4027665860864894,0.3227848101265823,0.7125122508983992,3
0.40290088638195004,0.3222344523940561,0.7115321790264619,3
0.4027665860864894,0.32526141992294993,0.711858869650441,3
0.4030351866774107,0.32526141992294993,0.7105521071545247,3
0.4026322857910287,0.32333516785910843,0.7115321790264619,3
0.4034380875637926,0.3227848101265823,0.7108787977785037,3
0.4027665860864894,0.3238855255916346,0.7112054884024829,3
0.4019607843137255,0.32333516785910843,0.7095720352825874,3
0.40236368520010746,0.3211337369290039,0.711858869650441,3
0.4027665860864894,0.32608695652173914,0.711858869650441,3
0.40061778135911896,0.3205833791964777,0.7121855602744201,3
0.33252753156056947,0.2495872317006054,0.7311336164652075,3
0.31345688960515716,0.2971931755641167,0.5991506043776543,3
