J2XA,J2YA,J2ZA,C2
0.589041095890411,0.3186571271326362,0.5540672982685396,0
0.37563792640343807,0.30489818381948264,0.6396602417510617,3
0.35025517056137523,0.31700605393505776,0.7272133289774584,3
0.3971259736771421,0.3076499724821134,0.7085919634106501,3
0.40236368520010746,0.32333516785910843,0.7121855602744201,3
0.4030351866774107,0.32250963126031923,0.7098987259065664,3
0.40209508460918614,0.3244358833241607,0.711858869650441,3
0.40316948697287136,0.32333516785910843,0.7105521071545247,3
0.4027665860864894,0.3244358833241607,0.7102254165305456,3
0.4026322857910287,0.3238855255916346,0.711858869650441,3
0.4027665860864894,0.3238855255916346,0.7125122508983992,3
0.40236368520010746,0.3222344523940561,0.7115321790264619,3
0.40236368520010746,0.3238855255916346,0.711858869650441,3
0.40290088638195004,0.32498624105668683,0.7112054884024829,3
0.40222938490464677,0.3238855255916346,0.7121855602744201,3
0.4030351866774107,0.3238855255916346,0.7112054884024829,3
0.4026322857910287,0.32333516785910843,0.7108787977785037,3
0.40316948697287136,0.3227848101265823,0.7102254165305456,3
0.4027665860864894,0.32416070445789763,0.7121855602744201,3
0.403303787268332,0.3227848101265823,0.7121855602744201,3
0.4024979854955681,0.3227848101265823,0.7115321790264619,3
0.4027665860864894,0.325536598789213,0.7112054884024829,3
0.40236368520010746,0.3227848101265823,0.7108787977785037,3
0.40290088638195004,0.3247110621904238,0.7105521071545247,3
0.40316948697287136,0.3238855255916346,0.7121855602744201,3
0.40290088638195004,0.3247110621904238,0.7125122508983992,3
0.40316948697287136,0.3238855255916346,0.7108787977785037,3
0.40316948697287136,0.32416070445789763,0.7112054884024829,3
0.4026322857910287,0.32333516785910843,0.7115321790264619,3
0.4030351866774107,0.3244358833241607,0.7105521071545247,3
0.4027665860864894,0.3238855255916346,0.7108787977785037,3
0.4067955949503089,0.3258117776554761,0.7069585102907546,3
0.40236368520010746,0.3208585580627408,0.7108787977785037,3
0.40236368520010746,0.3274628508530545,0.7112054884024829,3
0.40290088638195004,0.3214089157952669,0.7115321790264619,3
