J2XA,J2YA,J2ZA,C2
0.602471125436476,0.3984589983489268,0.5668082326037243,0
0.5287402632285791,0.3957072096862961,0.5360993139496896,0
0.459709911361805,0.3208585580627408,0.5563541326363933,0
0.368385710448563,0.27765547605943863,0.7873244037896112,3
0.3623421971528337,0.30434782608695654,0.7095720352825874,3
0.41042170292774643,0.3219592735277931,0.7069585102907546,3
0.39927477840451253,0.3263621353880022,0.7141457040182947,3
0.4027665860864894,0.32250963126031923,0.7105521071545247,3
0.40222938490464677,0.3236103467253715,0.7125122508983992,3
0.40316948697287136,0.32333516785910843,0.711858869650441,3
0.40316948697287136,0.32526141992294993,0.7102254165305456,3
0.4026322857910287,0.3236103467253715,0.711858869650441,3
0.4026322857910287,0.3236103467253715,0.7121855602744201,3
0.40290088638195004,0.3244358833241607,0.711858869650441,3
0.40290088638195004,0.32333516785910843,0.7115321790264619,3
0.403303787268332,0.325536598789213,0.7128389415223783,3
0.4027665860864894,0.3244358833241607,0.7121855602744201,3
0.40316948697287136,0.32416070445789763,0.711858869650441,3
0.4026322857910287,0.32416070445789763,0.7112054884024829,3
0.4026322857910287,0.3236103467253715,0.7121855602744201,3
0.4035723878592533,0.3236103467253715,0.7125122508983992,3
0.40236368520010746,0.32416070445789763,0.7121855602744201,3
0.40316948697287136,0.3230599889928453,0.7105521071545247,3
0.4030351866774107,0.3238855255916346,0.711858869650441,3
0.403303787268332,0.3238855255916346,0.711858869650441,3
0.403303787268332,0.32416070445789763,0.711858869650441,3
0.4027665860864894,0.3244358833241607,0.7138190133943155,3
0.4030351866774107,0.32333516785910843,0.7108787977785037,3
0.4030351866774107,0.3230599889928453,0.7125122508983992,3
0.4027665860864894,0.32333516785910843,0.711858869650441,3
0.403303787268332,0.32250963126031923,0.7108787977785037,3
0.40290088638195004,0.3238855255916346,0.7128389415223783,3
0.40236368520010746,0.32526141992294993,0.7115321790264619,3
0.4026322857910287,0.3236103467253715,0.7112054884024829,3
0.4034380875637926,0.3230599889928453,0.711858869650441,3
