J2XA,J2YA,J2ZA,C2
0.46373892022562446,0.3503026967528894,0.6873570728520092,3
0.41525651356432985,0.36296092460099066,0.5854295981705325,3
0.3446145581520279,0.26692350027517886,0.637373407383208,3
0.3853075476766049,0.26582278481012656,0.7161058477621692,3
0.4010206822455009,0.33434232250963125,0.711858869650441,3
0.4026322857910287,0.32168409466153,0.7112054884024829,3
0.40370668815471394,0.32773802971931754,0.7125122508983992,3
0.4024979854955681,0.3208585580627408,0.711858869650441,3
0.4027665860864894,0.3244358833241607,0.7121855602744201,3
0.4034380875637926,0.32526141992294993,0.7115321790264619,3
0.4030351866774107,0.3227848101265823,0.7125122508983992,3
0.40290088638195004,0.32333516785910843,0.7105521071545247,3
0.40222938490464677,0.3230599889928453,0.7115321790264619,3
0.40316948697287136,0.3244358833241607,0.7121855602744201,3
0.4030351866774107,0.32608695652173914,0.7121855602744201,3
0.4030351866774107,0.32333516785910843,0.7121855602744201,3
0.4026322857910287,0.32333516785910843,0.7105521071545247,3
0.40290088638195004,0.32416070445789763,0.7112054884024829,3
0.4026322857910287,0.3244358833241607,0.7112054884024829,3
0.40290088638195004,0.3238855255916346,0.7131656321463574,3
0.403303787268332,0.3236103467253715,0.7121855602744201,3
0.40290088638195004,0.32333516785910843,0.711858869650441,3
0.40236368520010746,0.3236103467253715,0.7108787977785037,3
0.4027665860864894,0.3236103467253715,0.7121855602744201,3
0.40290088638195004,0.32333516785910843,0.7105521071545247,3
0.40290088638195004,0.32250963126031923,0.7108787977785037,3
0.4035723878592533,0.3244358833241607,0.7105521071545247,3
0.4026322857910287,0.32416070445789763,0.711858869650441,3
0.40290088638195004,0.32250963126031923,0.7131656321463574,3
0.403303787268332,0.3238855255916346,0.7115321790264619,3
0.4024979854955681,0.3222344523940561,0.7112054884024829,3
0.4016921837228042,0.3219592735277931,0.7108787977785037,3
0.4024979854955681,0.3244358833241607,0.711858869650441,3
0.4034380875637926,0.3236103467253715,0.7125122508983992,3
0.4027665860864894,0.3230599889928453,0.711858869650441,3
