J2XA,J2YA,J2ZA,C2
0.36717700778941714,0.35167859108420474,0.6537079385821627,3
0.3396454472199839,0.33516785910842045,0.6161385168245671,3
0.34891216760676874,0.3148046230049532,0.7183926821300228,3
0.39779747515444536,0.313979086406164,0.7082652727866711,3
0.40155788342734355,0.33048981838194824,0.7131656321463574,3
0.4024979854955681,0.31975784259768847,0.711858869650441,3
0.40209508460918614,0.325536598789213,0.7125122508983992,3
0.40222938490464677,0.3238855255916346,0.711858869650441,3
0.40209508460918614,0.3230599889928453,0.711858869650441,3
0.4035723878592533,0.3244358833241607,0.7121855602744201,3
0.40236368520010746,0.32333516785910843,0.7112054884024829,3
0.403303787268332,0.3238855255916346,0.7115321790264619,3
0.40236368520010746,0.31810676940011007,0.7125122508983992,3
0.40290088638195004,0.32333516785910843,0.7105521071545247,3
0.4024979854955681,0.3236103467253715,0.7112054884024829,3
0.4024979854955681,0.3247110621904238,0.7115321790264619,3
0.4027665860864894,0.3238855255916346,0.7108787977785037,3
0.403303787268332,0.3238855255916346,0.7105521071545247,3
0.40316948697287136,0.32498624105668683,0.7121855602744201,3
0.40316948697287136,0.32333516785910843,0.7105521071545247,3
0.4027665860864894,0.3244358833241607,0.7115321790264619,3
0.4024979854955681,0.32333516785910843,0.7121855602744201,3
0.40236368520010746,0.32526141992294993,0.7128389415223783,3
0.4024979854955681,0.3244358833241607,0.711858869650441,3
0.4030351866774107,0.3238855255916346,0.7108787977785037,3
0.4034380875637926,0.3238855255916346,0.7105521071545247,3
0.4026322857910287,0.3230599889928453,0.7125122508983992,3
0.4026322857910287,0.32333516785910843,0.7112054884024829,3
0.4026322857910287,0.32333516785910843,0.7121855602744201,3
0.4027665860864894,0.32333516785910843,0.7125122508983992,3
0.4026322857910287,0.3238855255916346,0.7108787977785037,3
0.40316948697287136,0.3247110621904238,0.7125122508983992,3
0.40290088638195004,0.32498624105668683,0.7115321790264619,3
0.40290088638195004,0.3238855255916346,0.7112054884024829,3
0.4049153908138598,0.32773802971931754,0.7112054884024829,3
