J2XA,J2YA,J2ZA,C2
0.3439430566747247,0.3500275178866263,0.5168245671349232,0
0.5229653505237711,0.4105668684645019,0.5285854295981706,0
0.44466827827021216,0.2773802971931756,0.7242731133616466,3
0.3111737845823261,0.2801320858558063,0.7033649134269846,3
0.3691915122213269,0.341221794166208,0.7066318196667756,3
0.4088100993822187,0.3175564116675839,0.7092453446586083,3
0.3994090786999731,0.3244358833241607,0.7125122508983992,3
0.40397528874563526,0.3227848101265823,0.7108787977785037,3
0.40316948697287136,0.3238855255916346,0.7121855602744201,3
0.40316948697287136,0.32250963126031923,0.7102254165305456,3
0.4024979854955681,0.3222344523940561,0.711858869650441,3
0.4027665860864894,0.3230599889928453,0.7128389415223783,3
0.40222938490464677,0.32250963126031923,0.7128389415223783,3
0.4030351866774107,0.3236103467253715,0.7125122508983992,3
0.4026322857910287,0.3230599889928453,0.7121855602744201,3
0.403303787268332,0.32416070445789763,0.7125122508983992,3
0.4024979854955681,0.3238855255916346,0.7121855602744201,3
0.4027665860864894,0.32416070445789763,0.7121855602744201,3
0.40236368520010746,0.3244358833241607,0.7108787977785037,3
0.40236368520010746,0.3236103467253715,0.7112054884024829,3
0.40290088638195004,0.3238855255916346,0.711858869650441,3
0.4024979854955681,0.3244358833241607,0.7115321790264619,3
0.4034380875637926,0.32333516785910843,0.7105521071545247,3
0.40316948697287136,0.3236103467253715,0.711858869650441,3
0.4024979854955681,0.32333516785910843,0.7115321790264619,3
0.4026322857910287,0.3236103467253715,0.7128389415223783,3
0.4024979854955681,0.3230599889928453,0.7125122508983992,3
0.4030351866774107,0.3244358833241607,0.7108787977785037,3
0.40290088638195004,0.32526141992294993,0.7112054884024829,3
0.403303787268332,0.3238855255916346,0.7134923227703365,3
0.40290088638195004,0.32416070445789763,0.7105521071545247,3
0.4030351866774107,0.32333516785910843,0.7125122508983992,3
0.4027665860864894,0.3227848101265823,0.7125122508983992,3
0.40451248992747785,0.32883874518436984,0.7095720352825874,3
0.4024979854955681,0.3222344523940561,0.7131656321463574,3
0.40316948697287136,0.3263621353880022,0.7108787977785037,3
0.40236368520010746,0.3227848101265823,0.711858869650441,3
0.34058554928820844,0.31342872867363786,0.6837634759882392,3
0.29935535858178886,0.2534397358282884,0.6053577262332571,3
0.41136180499597097,0.33516785910842045,0.622999019928128,3
