J2XA,J2YA,J2ZA,C2
0.39067955949503086,0.8203082003302147,0.27180659915060434,1
0.41498791297340853,0.596862960924601,0.3028422084286181,2
0.4161966156325544,0.5374243258117777,0.45834694544266574,0
0.2616169755573462,0.49642267473858004,0.362953283240771,2
0.4618587160891754,0.47771051183269125,0.33910486769029724,0
0.502283105022831,0.28701155751238305,0.6860503103560928,3
0.27988181573999465,0.26995046780407267,0.5511270826527278,3
0.35280687617512757,0.2971931755641167,0.7115321790264619,3
0.403303787268332,0.3359933957072097,0.7141457040182947,3
0.4046467902229385,0.3200330214639516,0.7105521071545247,3
0.40290088638195004,0.3244358833241607,0.7115321790264619,3
0.40290088638195004,0.32333516785910843,0.7128389415223783,3
0.40236368520010746,0.3238855255916346,0.7102254165305456,3
0.403303787268332,0.32333516785910843,0.711858869650441,3
0.40222938490464677,0.32416070445789763,0.7112054884024829,3
0.4027665860864894,0.3244358833241607,0.7112054884024829,3
0.40397528874563526,0.3244358833241607,0.7121855602744201,3
0.4026322857910287,0.32416070445789763,0.7134923227703365,3
0.4024979854955681,0.3230599889928453,0.7121855602744201,3
0.40236368520010746,0.3236103467253715,0.7108787977785037,3
0.40222938490464677,0.32416070445789763,0.7105521071545247,3
0.4026322857910287,0.3244358833241607,0.7125122508983992,3
0.4026322857910287,0.3236103467253715,0.7121855602744201,3
0.4026322857910287,0.32333516785910843,0.7108787977785037,3
0.4026322857910287,0.32416070445789763,0.7105521071545247,3
0.40290088638195004,0.32333516785910843,0.7115321790264619,3
0.4026322857910287,0.32333516785910843,0.7121855602744201,3
0.40209508460918614,0.3236103467253715,0.7098987259065664,3
0.40236368520010746,0.32498624105668683,0.7115321790264619,3
0.40236368520010746,0.3236103467253715,0.7112054884024829,3
0.40290088638195004,0.32333516785910843,0.7121855602744201,3
0.4035723878592533,0.32333516785910843,0.711858869650441,3
0.4026322857910287,0.3236103467253715,0.7105521071545247,3
0.4030351866774107,0.32416070445789763,0.711858869650441,3
0.3866505506312114,0.3357182168409466,0.7219862789937929,3
0.4016921837228042,0.32168409466153,0.711858869650441,3
0.4030351866774107,0.32691249312052834,0.711858869650441,3
0.40370668815471394,0.3194826637314254,0.711858869650441,3
0.37013161428955144,0.30875068794716565,0.7144723946422737,3
0.33360193392425463,0.24903687396807925,0.7543286507677229,3
