J2XA,J2YA,J2ZA,C2
0.5574805264571583,0.4900935608145294,0.6468474354786017,0
0.400214880472737,0.3968079251513484,0.590983338778177,0
0.26054257319366103,0.3211337369290039,0.629859523031689,3
0.4481600859521891,0.2721518987341772,0.6997713165632147,3
0.4003491807681977,0.25866813428728674,0.7389741914407056,3
0.3944399677679291,0.30517336268574574,0.7112054884024829,3
0.40316948697287136,0.3244358833241607,0.7134923227703365,3
0.4034380875637926,0.32333516785910843,0.7115321790264619,3
0.40155788342734355,0.3244358833241607,0.711858869650441,3
0.403303787268332,0.3247110621904238,0.7115321790264619,3
0.40290088638195004,0.32416070445789763,0.7112054884024829,3
0.4024979854955681,0.325536598789213,0.7131656321463574,3
0.40290088638195004,0.325536598789213,0.7115321790264619,3
0.4026322857910287,0.3238855255916346,0.7098987259065664,3
0.403303787268332,0.3244358833241607,0.7115321790264619,3
0.4026322857910287,0.3236103467253715,0.7121855602744201,3
0.40316948697287136,0.32333516785910843,0.7112054884024829,3
0.40290088638195004,0.32333516785910843,0.7105521071545247,3
0.4030351866774107,0.32498624105668683,0.7121855602744201,3
0.4034380875637926,0.32250963126031923,0.7128389415223783,3
0.40290088638195004,0.32416070445789763,0.7125122508983992,3
0.40290088638195004,0.3238855255916346,0.711858869650441,3
0.40290088638195004,0.3236103467253715,0.7128389415223783,3
0.40316948697287136,0.32416070445789763,0.7105521071545247,3
0.4027665860864894,0.32498624105668683,0.7108787977785037,3
0.4026322857910287,0.32498624105668683,0.7115321790264619,3
0.4034380875637926,0.3244358833241607,0.7121855602744201,3
0.4030351866774107,0.3238855255916346,0.7115321790264619,3
0.4026322857910287,0.3230599889928453,0.7125122508983992,3
0.4034380875637926,0.3236103467253715,0.711858869650441,3
0.4030351866774107,0.3244358833241607,0.711858869650441,3
0.40316948697287136,0.32416070445789763,0.711858869650441,3
0.4034380875637926,0.32333516785910843,0.7115321790264619,3
0.4026322857910287,0.32498624105668683,0.7112054884024829,3
0.4024979854955681,0.32333516785910843,0.711858869650441,3
0.4027665860864894,0.32333516785910843,0.7125122508983992,3
0.40290088638195004,0.3236103467253715,0.7128389415223783,3
0.403303787268332,0.3227848101265823,0.7105521071545247,3
0.4030351866774107,0.3236103467253715,0.7125122508983992,3
0.4027665860864894,0.32250963126031923,0.7131656321463574,3
