J2XA,J2YA,J2ZA
0.4729179429431338,0.452013080978977,0.5012109195052853
0.4729179429431338,0.452013080978977,0.5012109195052853
0.4729179429431338,0.452013080978977,0.5012109195052853
0.4729179429431338,0.452013080978977,0.5012109195052853
0.4646630164152812,0.6887661261349326,0.12338736169668783
0.4729179429431338,0.452013080978977,0.5012109195052853
0.4013814726133763,0.32098176688126945,0.7061388570035863
0.4729179429431338,0.452013080978977,0.5012109195052853
0.4013814726133763,0.32098176688126945,0.7061388570035863
