J2XA,J2YA,J2ZA
0.4680435054395345,0.41501510777769546,0.5531954642886621
0.4680435054395345,0.41501510777769546,0.5531954642886621
