J2XA,J2YA,J2ZA
0.45753351116764324,0.7045249808584608,0.2276191658556738
0.45753351116764324,0.7045249808584608,0.2276191658556738
0.45753351116764324,0.7045249808584608,0.2276191658556738
0.45753351116764324,0.7045249808584608,0.2276191658556738
0.45753351116764324,0.7045249808584608,0.2276191658556738
0.45753351116764324,0.7045249808584608,0.2276191658556738
